Workbook

Sheet INICIO_BIOLOGICO
A1: Registro Enfermería · Inicio de biológico
A2: Registro mínimo de vigilancia prebiológica. Farmacia leerá este archivo desde el Hub, por eso los estados deben elegirse con desplegables.
A4: CIP | B4: Paciente | C4: Servicio | D4: Patología | E4: Fármaco | F4: Analítica | G4: Mantoux | H4: IGRA | I4: VHB | J4: VHC | K4: VIH | L4: Med. Preventiva | M4: Estado | N4: Fecha OK | O4: Observación prebiológico
A5: 000000001 | B5: Paciente A | C5: Derma | D5: HS | E5: Secukinumab | F5: OK | G5: NEGATIVO | H5: NO PRECISA | I5: NEGATIVO | J5: NEGATIVO | K5: NEGATIVO | L5: PENDIENTE | M5: =IF(A5="","",IF(OR(F5="ALTERADA / BLOQUEO",L5="PENDIENTE VACUNACIÓN / BLOQUEO",G5="POSITIVO",H5="POSITIVO",I5="POSITIVO",J5="POSITIVO",K5="POSITIVO"),"BLOQUEADO",IF(AND(OR(F5="OK",F5="NO PRECISA"),OR(L5="OK",L5="NO PRECISA"),OR(G5="NEGATIVO",G5="POSITIVO - TRATADO",G5="NO PRECISA"),OR(H5="NEGATIVO",H5="POSITIVO - TRATADO",H5="NO PRECISA"),OR(I5="NEGATIVO",I5="NO PRECISA"),OR(J5="NEGATIVO",J5="NO PRECISA"),OR(K5="NEGATIVO",K5="NO PRECISA")),"OK FARMACIA","EN VIGILANCIA"))) -> EN VIGILANCIA | O5: Pendiente cita Preventiva
A6: 000000002 | B6: Paciente B | C6: Derma | D6: HS | E6: Adalimumab | F6: ALTERADA / BLOQUEO | G6: PENDIENTE | H6: PENDIENTE | I6: NEGATIVO | J6: NEGATIVO | K6: NEGATIVO | L6: OK | M6: =IF(A6="","",IF(OR(F6="ALTERADA / BLOQUEO",L6="PENDIENTE VACUNACIÓN / BLOQUEO",G6="POSITIVO",H6="POSITIVO",I6="POSITIVO",J6="POSITIVO",K6="POSITIVO"),"BLOQUEADO",IF(AND(OR(F6="OK",F6="NO PRECISA"),OR(L6="OK",L6="NO PRECISA"),OR(G6="NEGATIVO",G6="POSITIVO - TRATADO",G6="NO PRECISA"),OR(H6="NEGATIVO",H6="POSITIVO - TRATADO",H6="NO PRECISA"),OR(I6="NEGATIVO",I6="NO PRECISA"),OR(J6="NEGATIVO",J6="NO PRECISA"),OR(K6="NEGATIVO",K6="NO PRECISA")),"OK FARMACIA","EN VIGILANCIA"))) -> BLOQUEADO | O6: Analítica alterada, avisado médico
A7: 000000003 | B7: Paciente C | C7: Reuma | D7: AR | E7: Upadacitinib | F7: OK | G7: NEGATIVO | H7: NEGATIVO | I7: NEGATIVO | J7: NEGATIVO | K7: NEGATIVO | L7: OK | M7: =IF(A7="","",IF(OR(F7="ALTERADA / BLOQUEO",L7="PENDIENTE VACUNACIÓN / BLOQUEO",G7="POSITIVO",H7="POSITIVO",I7="POSITIVO",J7="POSITIVO",K7="POSITIVO"),"BLOQUEADO",IF(AND(OR(F7="OK",F7="NO PRECISA"),OR(L7="OK",L7="NO PRECISA"),OR(G7="NEGATIVO",G7="POSITIVO - TRATADO",G7="NO PRECISA"),OR(H7="NEGATIVO",H7="POSITIVO - TRATADO",H7="NO PRECISA"),OR(I7="NEGATIVO",I7="NO PRECISA"),OR(J7="NEGATIVO",J7="NO PRECISA"),OR(K7="NEGATIVO",K7="NO PRECISA")),"OK FARMACIA","EN VIGILANCIA"))) -> OK FARMACIA | N7: 46185
A8: 000000004 | B8: Paciente D | C8: Digestivo | D8: EII | E8: Vedolizumab | F8: PENDIENTE | G8: NO PRECISA | H8: NO PRECISA | I8: NEGATIVO | J8: NEGATIVO | K8: NEGATIVO | L8: NO PRECISA | M8: =IF(A8="","",IF(OR(F8="ALTERADA / BLOQUEO",L8="PENDIENTE VACUNACIÓN / BLOQUEO",G8="POSITIVO",H8="POSITIVO",I8="POSITIVO",J8="POSITIVO",K8="POSITIVO"),"BLOQUEADO",IF(AND(OR(F8="OK",F8="NO PRECISA"),OR(L8="OK",L8="NO PRECISA"),OR(G8="NEGATIVO",G8="POSITIVO - TRATADO",G8="NO PRECISA"),OR(H8="NEGATIVO",H8="POSITIVO - TRATADO",H8="NO PRECISA"),OR(I8="NEGATIVO",I8="NO PRECISA"),OR(J8="NEGATIVO",J8="NO PRECISA"),OR(K8="NEGATIVO",K8="NO PRECISA")),"OK FARMACIA","EN VIGILANCIA"))) -> EN VIGILANCIA
M9: =IF(A9="","",IF(OR(F9="ALTERADA / BLOQUEO",L9="PENDIENTE VACUNACIÓN / BLOQUEO",G9="POSITIVO",H9="POSITIVO",I9="POSITIVO",J9="POSITIVO",K9="POSITIVO"),"BLOQUEADO",IF(AND(OR(F9="OK",F9="NO PRECISA"),OR(L9="OK",L9="NO PRECISA"),OR(G9="NEGATIVO",G9="POSITIVO - TRATADO",G9="NO PRECISA"),OR(H9="NEGATIVO",H9="POSITIVO - TRATADO",H9="NO PRECISA"),OR(I9="NEGATIVO",I9="NO PRECISA"),OR(J9="NEGATIVO",J9="NO PRECISA"),OR(K9="NEGATIVO",K9="NO PRECISA")),"OK FARMACIA","EN VIGILANCIA")))
M10: =IF(A10="","",IF(OR(F10="ALTERADA / BLOQUEO",L10="PENDIENTE VACUNACIÓN / BLOQUEO",G10="POSITIVO",H10="POSITIVO",I10="POSITIVO",J10="POSITIVO",K10="POSITIVO"),"BLOQUEADO",IF(AND(OR(F10="OK",F10="NO PRECISA"),OR(L10="OK",L10="NO PRECISA"),OR(G10="NEGATIVO",G10="POSITIVO - TRATADO",G10="NO PRECISA"),OR(H10="NEGATIVO",H10="POSITIVO - TRATADO",H10="NO PRECISA"),OR(I10="NEGATIVO",I10="NO PRECISA"),OR(J10="NEGATIVO",J10="NO PRECISA"),OR(K10="NEGATIVO",K10="NO PRECISA")),"OK FARMACIA","EN VIGILANCIA")))
M11: =IF(A11="","",IF(OR(F11="ALTERADA / BLOQUEO",L11="PENDIENTE VACUNACIÓN / BLOQUEO",G11="POSITIVO",H11="POSITIVO",I11="POSITIVO",J11="POSITIVO",K11="POSITIVO"),"BLOQUEADO",IF(AND(OR(F11="OK",F11="NO PRECISA"),OR(L11="OK",L11="NO PRECISA"),OR(G11="NEGATIVO",G11="POSITIVO - TRATADO",G11="NO PRECISA"),OR(H11="NEGATIVO",H11="POSITIVO - TRATADO",H11="NO PRECISA"),OR(I11="NEGATIVO",I11="NO PRECISA"),OR(J11="NEGATIVO",J11="NO PRECISA"),OR(K11="NEGATIVO",K11="NO PRECISA")),"OK FARMACIA","EN VIGILANCIA")))
M12: =IF(A12="","",IF(OR(F12="ALTERADA / BLOQUEO",L12="PENDIENTE VACUNACIÓN / BLOQUEO",G12="POSITIVO",H12="POSITIVO",I12="POSITIVO",J12="POSITIVO",K12="POSITIVO"),"BLOQUEADO",IF(AND(OR(F12="OK",F12="NO PRECISA"),OR(L12="OK",L12="NO PRECISA"),OR(G12="NEGATIVO",G12="POSITIVO - TRATADO",G12="NO PRECISA"),OR(H12="NEGATIVO",H12="POSITIVO - TRATADO",H12="NO PRECISA"),OR(I12="NEGATIVO",I12="NO PRECISA"),OR(J12="NEGATIVO",J12="NO PRECISA"),OR(K12="NEGATIVO",K12="NO PRECISA")),"OK FARMACIA","EN VIGILANCIA")))
M13: =IF(A13="","",IF(OR(F13="ALTERADA / BLOQUEO",L13="PENDIENTE VACUNACIÓN / BLOQUEO",G13="POSITIVO",H13="POSITIVO",I13="POSITIVO",J13="POSITIVO",K13="POSITIVO"),"BLOQUEADO",IF(AND(OR(F13="OK",F13="NO PRECISA"),OR(L13="OK",L13="NO PRECISA"),OR(G13="NEGATIVO",G13="POSITIVO - TRATADO",G13="NO PRECISA"),OR(H13="NEGATIVO",H13="POSITIVO - TRATADO",H13="NO PRECISA"),OR(I13="NEGATIVO",I13="NO PRECISA"),OR(J13="NEGATIVO",J13="NO PRECISA"),OR(K13="NEGATIVO",K13="NO PRECISA")),"OK FARMACIA","EN VIGILANCIA")))
M14: =IF(A14="","",IF(OR(F14="ALTERADA / BLOQUEO",L14="PENDIENTE VACUNACIÓN / BLOQUEO",G14="POSITIVO",H14="POSITIVO",I14="POSITIVO",J14="POSITIVO",K14="POSITIVO"),"BLOQUEADO",IF(AND(OR(F14="OK",F14="NO PRECISA"),OR(L14="OK",L14="NO PRECISA"),OR(G14="NEGATIVO",G14="POSITIVO - TRATADO",G14="NO PRECISA"),OR(H14="NEGATIVO",H14="POSITIVO - TRATADO",H14="NO PRECISA"),OR(I14="NEGATIVO",I14="NO PRECISA"),OR(J14="NEGATIVO",J14="NO PRECISA"),OR(K14="NEGATIVO",K14="NO PRECISA")),"OK FARMACIA","EN VIGILANCIA")))
M15: =IF(A15="","",IF(OR(F15="ALTERADA / BLOQUEO",L15="PENDIENTE VACUNACIÓN / BLOQUEO",G15="POSITIVO",H15="POSITIVO",I15="POSITIVO",J15="POSITIVO",K15="POSITIVO"),"BLOQUEADO",IF(AND(OR(F15="OK",F15="NO PRECISA"),OR(L15="OK",L15="NO PRECISA"),OR(G15="NEGATIVO",G15="POSITIVO - TRATADO",G15="NO PRECISA"),OR(H15="NEGATIVO",H15="POSITIVO - TRATADO",H15="NO PRECISA"),OR(I15="NEGATIVO",I15="NO PRECISA"),OR(J15="NEGATIVO",J15="NO PRECISA"),OR(K15="NEGATIVO",K15="NO PRECISA")),"OK FARMACIA","EN VIGILANCIA")))
M16: =IF(A16="","",IF(OR(F16="ALTERADA / BLOQUEO",L16="PENDIENTE VACUNACIÓN / BLOQUEO",G16="POSITIVO",H16="POSITIVO",I16="POSITIVO",J16="POSITIVO",K16="POSITIVO"),"BLOQUEADO",IF(AND(OR(F16="OK",F16="NO PRECISA"),OR(L16="OK",L16="NO PRECISA"),OR(G16="NEGATIVO",G16="POSITIVO - TRATADO",G16="NO PRECISA"),OR(H16="NEGATIVO",H16="POSITIVO - TRATADO",H16="NO PRECISA"),OR(I16="NEGATIVO",I16="NO PRECISA"),OR(J16="NEGATIVO",J16="NO PRECISA"),OR(K16="NEGATIVO",K16="NO PRECISA")),"OK FARMACIA","EN VIGILANCIA")))
M17: =IF(A17="","",IF(OR(F17="ALTERADA / BLOQUEO",L17="PENDIENTE VACUNACIÓN / BLOQUEO",G17="POSITIVO",H17="POSITIVO",I17="POSITIVO",J17="POSITIVO",K17="POSITIVO"),"BLOQUEADO",IF(AND(OR(F17="OK",F17="NO PRECISA"),OR(L17="OK",L17="NO PRECISA"),OR(G17="NEGATIVO",G17="POSITIVO - TRATADO",G17="NO PRECISA"),OR(H17="NEGATIVO",H17="POSITIVO - TRATADO",H17="NO PRECISA"),OR(I17="NEGATIVO",I17="NO PRECISA"),OR(J17="NEGATIVO",J17="NO PRECISA"),OR(K17="NEGATIVO",K17="NO PRECISA")),"OK FARMACIA","EN VIGILANCIA")))
M18: =IF(A18="","",IF(OR(F18="ALTERADA / BLOQUEO",L18="PENDIENTE VACUNACIÓN / BLOQUEO",G18="POSITIVO",H18="POSITIVO",I18="POSITIVO",J18="POSITIVO",K18="POSITIVO"),"BLOQUEADO",IF(AND(OR(F18="OK",F18="NO PRECISA"),OR(L18="OK",L18="NO PRECISA"),OR(G18="NEGATIVO",G18="POSITIVO - TRATADO",G18="NO PRECISA"),OR(H18="NEGATIVO",H18="POSITIVO - TRATADO",H18="NO PRECISA"),OR(I18="NEGATIVO",I18="NO PRECISA"),OR(J18="NEGATIVO",J18="NO PRECISA"),OR(K18="NEGATIVO",K18="NO PRECISA")),"OK FARMACIA","EN VIGILANCIA")))
M19: =IF(A19="","",IF(OR(F19="ALTERADA / BLOQUEO",L19="PENDIENTE VACUNACIÓN / BLOQUEO",G19="POSITIVO",H19="POSITIVO",I19="POSITIVO",J19="POSITIVO",K19="POSITIVO"),"BLOQUEADO",IF(AND(OR(F19="OK",F19="NO PRECISA"),OR(L19="OK",L19="NO PRECISA"),OR(G19="NEGATIVO",G19="POSITIVO - TRATADO",G19="NO PRECISA"),OR(H19="NEGATIVO",H19="POSITIVO - TRATADO",H19="NO PRECISA"),OR(I19="NEGATIVO",I19="NO PRECISA"),OR(J19="NEGATIVO",J19="NO PRECISA"),OR(K19="NEGATIVO",K19="NO PRECISA")),"OK FARMACIA","EN VIGILANCIA")))
M20: =IF(A20="","",IF(OR(F20="ALTERADA / BLOQUEO",L20="PENDIENTE VACUNACIÓN / BLOQUEO",G20="POSITIVO",H20="POSITIVO",I20="POSITIVO",J20="POSITIVO",K20="POSITIVO"),"BLOQUEADO",IF(AND(OR(F20="OK",F20="NO PRECISA"),OR(L20="OK",L20="NO PRECISA"),OR(G20="NEGATIVO",G20="POSITIVO - TRATADO",G20="NO PRECISA"),OR(H20="NEGATIVO",H20="POSITIVO - TRATADO",H20="NO PRECISA"),OR(I20="NEGATIVO",I20="NO PRECISA"),OR(J20="NEGATIVO",J20="NO PRECISA"),OR(K20="NEGATIVO",K20="NO PRECISA")),"OK FARMACIA","EN VIGILANCIA")))
... M157: =IF(A157="","",IF(OR(F157="ALTERADA / BLOQUEO",L157="PENDIENTE VACUNACIÓN / BLOQUEO",G157="POSITIVO",H157="POSITIVO",I157="POSITIVO",J157="POSITIVO",K157="POSITIVO"),"BLOQUEADO",IF(AND(OR(F157="OK",F157="NO PRECISA"),OR(L157="OK",L157="NO PRECISA"),OR(G157="NEGATIVO",G157="POSITIVO - TRATADO",G157="NO PRECISA"),OR(H157="NEGATIVO",H157="POSITIVO - TRATADO",H157="NO PRECISA"),OR(I157="NEGATIVO",I157="NO PRECISA"),OR(J157="NEGATIVO",J157="NO PRECISA"),OR(K157="NEGATIVO",K157="NO PRECISA")),"OK FARMACIA","EN VIGILANCIA")))

Sheet PANEL_ENFERMERIA
A1: Panel Enfermería · Resumen y evolución por servicio
A2: Resumen automático calculado desde la hoja INICIO_BIOLOGICO. No editar este panel.
A4: Indicador | B4: Nº pacientes | D4: Servicio | E4: Total | F4: OK Farmacia | G4: En vigilancia | H4: Bloqueados
A5: Total registros | B5: =COUNTIF(INICIO_BIOLOGICO!$A$5:$A$500,"<>") -> 4 | D5: Derma | E5: =COUNTIF(INICIO_BIOLOGICO!$C$5:$C$500,D5) -> 2 | F5: =COUNTIFS(INICIO_BIOLOGICO!$C$5:$C$500,D5,INICIO_BIOLOGICO!$M$5:$M$500,"OK FARMACIA") -> 0 | G5: =COUNTIFS(INICIO_BIOLOGICO!$C$5:$C$500,D5,INICIO_BIOLOGICO!$M$5:$M$500,"EN VIGILANCIA") -> 1 | H5: =COUNTIFS(INICIO_BIOLOGICO!$C$5:$C$500,D5,INICIO_BIOLOGICO!$M$5:$M$500,"BLOQUEADO") -> 1
A6: OK Farmacia | B6: =COUNTIF(INICIO_BIOLOGICO!$M$5:$M$500,"OK FARMACIA") -> 1 | D6: Reuma | E6: =COUNTIF(INICIO_BIOLOGICO!$C$5:$C$500,D6) -> 1 | F6: =COUNTIFS(INICIO_BIOLOGICO!$C$5:$C$500,D6,INICIO_BIOLOGICO!$M$5:$M$500,"OK FARMACIA") -> 1 | G6: =COUNTIFS(INICIO_BIOLOGICO!$C$5:$C$500,D6,INICIO_BIOLOGICO!$M$5:$M$500,"EN VIGILANCIA") -> 0 | H6: =COUNTIFS(INICIO_BIOLOGICO!$C$5:$C$500,D6,INICIO_BIOLOGICO!$M$5:$M$500,"BLOQUEADO") -> 0
A7: En vigilancia | B7: =COUNTIF(INICIO_BIOLOGICO!$M$5:$M$500,"EN VIGILANCIA") -> 2 | D7: Digestivo | E7: =COUNTIF(INICIO_BIOLOGICO!$C$5:$C$500,D7) -> 1 | F7: =COUNTIFS(INICIO_BIOLOGICO!$C$5:$C$500,D7,INICIO_BIOLOGICO!$M$5:$M$500,"OK FARMACIA") -> 0 | G7: =COUNTIFS(INICIO_BIOLOGICO!$C$5:$C$500,D7,INICIO_BIOLOGICO!$M$5:$M$500,"EN VIGILANCIA") -> 1 | H7: =COUNTIFS(INICIO_BIOLOGICO!$C$5:$C$500,D7,INICIO_BIOLOGICO!$M$5:$M$500,"BLOQUEADO") -> 0
A8: Bloqueados | B8: =COUNTIF(INICIO_BIOLOGICO!$M$5:$M$500,"BLOQUEADO") -> 1 | D8: Otro | E8: =COUNTIF(INICIO_BIOLOGICO!$C$5:$C$500,D8) -> 0 | F8: =COUNTIFS(INICIO_BIOLOGICO!$C$5:$C$500,D8,INICIO_BIOLOGICO!$M$5:$M$500,"OK FARMACIA") -> 0 | G8: =COUNTIFS(INICIO_BIOLOGICO!$C$5:$C$500,D8,INICIO_BIOLOGICO!$M$5:$M$500,"EN VIGILANCIA") -> 0 | H8: =COUNTIFS(INICIO_BIOLOGICO!$C$5:$C$500,D8,INICIO_BIOLOGICO!$M$5:$M$500,"BLOQUEADO") -> 0
A10: Cómo usarlo en consulta
A11: 1 | B11: Filtra por Servicio en la hoja INICIO_BIOLOGICO.
A12: 2 | B12: Actualiza solo desplegables: Analítica, Mantoux, IGRA, VHB, VHC, VIH y Medicina Preventiva.
A13: 3 | B13: El Estado se calcula automáticamente: OK FARMACIA / EN VIGILANCIA / BLOQUEADO.
A14: 4 | B14: Si todo está OK, Farmacia verá el paciente como OK FARMACIA al cargar el Excel.
A15: 5 | B15: Usa Observación prebiológico solo para incidencias breves.
B16: No escribir valores libres en columnas de estado: el Hub necesita valores cerrados.

Sheet LISTAS
A1: Servicio | B1: Patología | C1: Analítica | D1: Mantoux/IGRA | E1: Serologías | F1: Medicina Preventiva
A2: Derma | B2: HS | C2: PENDIENTE | D2: PENDIENTE | E2: PENDIENTE | F2: PENDIENTE
A3: Reuma | B3: Psoriasis | C3: SOLICITADA | D3: NEGATIVO | E3: NEGATIVO | F3: SOLICITADA
A4: Digestivo | B4: Dermatitis atópica | C4: OK | D4: POSITIVO | E4: POSITIVO | F4: CITADO
A5: Otro | B5: Vitíligo | C5: ALTERADA / BLOQUEO | D5: POSITIVO - TRATADO | E5: NO PRECISA | F5: OK
B6: Alopecia areata | C6: NO PRECISA | D6: NO PRECISA | F6: PENDIENTE VACUNACIÓN / BLOQUEO
B7: EII | F7: NO PRECISA
B8: AR
B9: Espondiloartritis
B10: Artritis psoriásica
B11: Otra

Sheet INSTRUCCIONES
A1: Instrucciones rápidas para Enfermería
A3: Qué se registra | B3: Solo vigilancia prebiológica: analítica, screening infeccioso, serologías y Medicina Preventiva/cartilla vacunal.
A4: Qué no se registra aquí | B4: Validación, primera visita, seguimiento farmacéutico y renovaciones: lo centraliza Farmacia en su Excel/Hub.
A5: Cómo se actualiza | B5: Elegir siempre valores de los desplegables. Evitar escribir “ok”, “hecha”, “sí”, “pendiente de mirar”, etc.
A6: Cuándo está OK | B6: El Estado pasa a OK FARMACIA cuando analítica/medicina preventiva están OK o NO PRECISA y el screening/serologías no tienen positivos pendientes.
A7: Qué hacer si hay alteración | B7: Seleccionar ALTERADA / BLOQUEO o POSITIVO y añadir una observación breve. La decisión clínica corresponde al médico.
